13837,8623,8977,8111,8677,6885,15539,1989,5561,7397,2779,391,7427,14481,9407,12137,7475,15083,14323,6797,5053,8981,7161,3295,7141,8075,12991,2409,4289,7535,2779,14137,5641,6179,1233,6428,6741,8197,14573,5107,3061,13099,7019,1703,10711,6081,9795,4119,721,7699,11889,2087,11579,13017,3271,2435,10893,14379,2269,4097
13837,8623,8977,8111,8677,6885,15539,1989,5561,7397,2779,391,7427,14481,9407,12137,7475,15083,14323,6797,5053,8981,7161,3295,7141,8075,12991,2409,4289,7535,2779,14137,5641,6179,1233,6428,6741,8197,14573,5107,3061,13099,7019,1703,10711,6081,9795,4119,721,7699,11889,2087,11579,13017,3271,2435,10893,14379,2269,4097
13837,8623,8977,8111,8677,6885,15539,1989,5561,7397,2779,391,7427,14481,9407,12137,7475,15083,14323,6797,5053,8981,7161,3295,7141,8075,12991,2409,4289,7535,2779,14137,5641,6179,1233,6428,6741,8197,14573,5107,3061,13099,7019,1703,10711,6081,9795,4119,721,7699,11889,2087,11579,13017,3271,2435,10893,14379,2269,4097
13837,8623,8977,8111,8677,6885,15539,1989,5561,7397,2779,391,7427,14481,9407,12137,7475,15083,14323,6797,5053,8981,7161,3295,7141,8075,12991,2409,4289,7535,2779,14137,5641,6179,1233,6428,6741,8197,14573,5107,3061,13099,7019,1703,10711,6081,9795,4119,721,7699,11889,2087,11579,13017,3271,2435,10893,14379,2269,4097
13837,8623,8977,8111,8677,6885,15539,1989,5561,7397,2779,391,7427,14481,9407,12137,7475,15083,14323,6797,5053,8981,7161,3295,7141,8075,12991,2409,4289,7535,2779,14137,5641,6179,1233,6428,6741,8197,14573,5107,3061,13099,7019,1703,10711,6081,9795,4119,721,7699,11889,2087,11579,13017,3271,2435,10893,14379,2269,4097
13837,8623,8977,8111,8677,6885,15539,1989,5561,7397,2779,391,7427,14481,9407,12137,7475,15083,14323,6797,5053,8981,7161,3295,7141,8075,12991,2409,4289,7535,2779,14137,5641,6179,1233,6428,6741,8197,14573,5107,3061,13099,7019,1703,10711,6081,9795,4119,721,7699,11889,2087,11579,13017,3271,2435,10893,14379,2269,4097
5991,10537,12059,15671,14279,9877,8457,11979,1399,6569,647,12293,1521,9061,4221,3033,7385,15247,8491,4269,3403,13569,12051,9645,11069,14589,10223,7611,13241,9127,2045,3559,8933,7967,1969,2087,2899,1129,2291,15771,11817,8427,3793,7707,7275,15211,1751,10171,4007,2849,6301,593,7959,5689,4035,981,6581,2161,7428,11555
13837,8623,8977,8111,8677,6885,15539,1989,5561,7397,2779,391,7427,14481,9407,12137,7475,15083,14323,6797,5053,8981,7161,3295,7141,8075,12991,2409,4289,7535,2779,14137,5641,6179,1233,6428,6741,8197,14573,5107,3061,13099,7019,1703,10711,6081,9795,4119,721,7699,11889,2087,11579,13017,3271,2435,10893,14379,2269,4097
13837,8623,8977,8111,8677,6885,15539,1989,5561,7397,2779,391,7427,14481,9407,12137,7475,15083,14323,6797,5053,8981,7161,3295,7141,8075,12991,2409,4289,7535,2779,14137,5641,6179,1233,6428,6741,8197,14573,5107,3061,13099,7019,1703,10711,6081,9795,4119,721,7699,11889,2087,11579,13017,3271,2435,10893,14379,2269,4097
13837,8623,8977,8111,8677,6885,15539,1989,5561,7397,2779,391,7427,14481,9407,12137,7475,15083,14323,6797,5053,8981,7161,3295,7141,8075,12991,2409,4289,7535,2779,14137,5641,6179,1233,6428,6741,8197,14573,5107,3061,13099,7019,1703,10711,6081,9795,4119,721,7699,11889,2087,11579,13017,3271,2435,10893,14379,2269,4097
13837,8623,8977,8111,8677,6885,15539,1989,5561,7397,2779,391,7427,14481,9407,12137,7475,15083,14323,6797,5053,8981,7161,3295,7141,8075,12991,2409,4289,7535,2779,14137,5641,6179,1233,6428,6741,8197,14573,5107,3061,13099,7019,1703,10711,6081,9795,4119,721,7699,11889,2087,11579,13017,3271,2435,10893,14379,2269,4097
13837,8623,8977,8111,8677,6885,15539,1989,5561,7397,2779,391,7427,14481,9407,12137,7475,15083,14323,6797,5053,8981,7161,3295,7141,8075,12991,2409,4289,7535,2779,14137,5641,6179,1233,6428,6741,8197,14573,5107,3061,13099,7019,1703,10711,6081,9795,4119,721,7699,11889,2087,11579,13017,3271,2435,10893,14379,2269,4097
13837,8623,8977,8111,8677,6885,15539,1989,5561,7397,2779,391,7427,14481,9407,12137,7475,15083,14323,6797,5053,8981,7161,3295,7141,8075,12991,2409,4289,7535,2779,14137,5641,6179,1233,6428,6741,8197,14573,5107,3061,13099,7019,1703,10711,6081,9795,4119,721,7699,11889,2087,11579,13017,3271,2435,10893,14379,2269,4097
13837,8623,8977,8111,8677,6885,15539,1989,5561,7397,2779,391,7427,14481,9407,12137,7475,15083,14323,6797,5053,8981,7161,3295,7141,8075,12991,2409,4289,7535,2779,14137,5641,6179,1233,6428,6741,8197,14573,5107,3061,13099,7019,1703,10711,6081,9795,4119,721,7699,11889,2087,11579,13017,3271,2435,10893,14379,2269,4097
13837,8623,8977,8111,8677,6885,15539,1989,5561,7397,2779,391,7427,14481,9407,12137,7475,15083,14323,6797,5053,8981,7161,3295,7141,8075,12991,2409,4289,7535,2779,14137,5641,6179,1233,6428,6741,8197,14573,5107,3061,13099,7019,1703,10711,6081,9795,4119,721,7699,11889,2087,11579,13017,3271,2435,10893,14379,2269,4097
13837,8623,8977,8111,8677,6885,15539,1989,5561,7397,2779,391,7427,14481,9407,12137,7475,15083,14323,6797,5053,8981,7161,3295,7141,8075,12991,2409,4289,7535,2779,14137,5641,6179,1233,6428,6741,8197,14573,5107,3061,13099,7019,1703,10711,6081,9795,4119,721,7699,11889,2087,11579,13017,3271,2435,10893,14379,2269,4097
13837,8623,8977,8111,8677,6885,15539,1989,5561,7397,2779,391,7427,14481,9407,12137,7475,15083,14323,6797,5053,8981,7161,3295,7141,8075,12991,2409,4289,7535,2779,14137,5641,6179,1233,6428,6741,8197,14573,5107,3061,13099,7019,1703,10711,6081,9795,4119,721,7699,11889,2087,11579,13017,3271,2435,10893,14379,2269,4097
13837,8623,8977,8111,8677,6885,15539,1989,5561,7397,2779,391,7427,14481,9407,12137,7475,15083,14323,6797,5053,8981,7161,3295,7141,8075,12991,2409,4289,7535,2779,14137,5641,6179,1233,6428,6741,8197,14573,5107,3061,13099,7019,1703,10711,6081,9795,4119,721,7699,11889,2087,11579,13017,3271,2435,10893,14379,2269,4097
13837,8623,8977,8111,8677,6885,15539,1989,5561,7397,2779,391,7427,14481,9407,12137,7475,15083,14323,6797,5053,8981,7161,3295,7141,8075,12991,2409,4289,7535,2779,14137,5641,6179,1233,6428,6741,8197,14573,5107,3061,13099,7019,1703,10711,6081,9795,4119,721,7699,11889,2087,11579,13017,3271,2435,10893,14379,2269,4097
13837,8623,8977,8111,8677,6885,15539,1989,5561,7397,2779,391,7427,14481,9407,12137,7475,15083,14323,6797,5053,8981,7161,3295,7141,8075,12991,2409,4289,7535,2779,14137,5641,6179,1233,6428,6741,8197,14573,5107,3061,13099,7019,1703,10711,6081,9795,4119,721,7699,11889,2087,11579,13017,3271,2435,10893,14379,2269,4097
13837,8623,8977,8111,8677,6885,15539,1989,5561,7397,2779,391,7427,14481,9407,12137,7475,15083,14323,6797,5053,8981,7161,3295,7141,8075,12991,2409,4289,7535,2779,14137,5641,6179,1233,6428,6741,8197,14573,5107,3061,13099,7019,1703,10711,6081,9795,4119,721,7699,11889,2087,11579,13017,3271,2435,10893,14379,2269,4097
13837,8623,8977,8111,8677,6885,15539,1989,5561,7397,2779,391,7427,14481,9407,12137,7475,15083,14323,6797,5053,8981,7161,3295,7141,8075,12991,2409,4289,7535,2779,14137,5641,6179,1233,6428,6741,8197,14573,5107,3061,13099,7019,1703,10711,6081,9795,4119,721,7699,11889,2087,11579,13017,3271,2435,10893,14379,2269,4097
13837,8623,8977,8111,8677,6885,15539,1989,5561,7397,2779,391,7427,14481,9407,12137,7475,15083,14323,6797,5053,8981,7161,3295,7141,8075,12991,2409,4289,7535,2779,14137,5641,6179,1233,6428,6741,8197,14573,5107,3061,13099,7019,1703,10711,6081,9795,4119,721,7699,11889,2087,11579,13017,3271,2435,10893,14379,2269,4097
13837,8623,8977,8111,8677,6885,15539,1989,5561,7397,2779,391,7427,14481,9407,12137,7475,15083,14323,6797,5053,8981,7161,3295,7141,8075,12991,2409,4289,7535,2779,14137,5641,6179,1233,6428,6741,8197,14573,5107,3061,13099,7019,1703,10711,6081,9795,4119,721,7699,11889,2087,11579,13017,3271,2435,10893,14379,2269,4097
13837,8623,8977,8111,8677,6885,15539,1989,5561,7397,2779,391,7427,14481,9407,12137,7475,15083,14323,6797,5053,8981,7161,3295,7141,8075,12991,2409,4289,7535,2779,14137,5641,6179,1233,6428,6741,8197,14573,5107,3061,13099,7019,1703,10711,6081,9795,4119,721,7699,11889,2087,11579,13017,3271,2435,10893,14379,2269,4097
5991,10537,12059,15671,14279,9877,8457,11979,1399,6569,647,12293,1521,9061,4221,3033,7385,15247,8491,4269,3403,13569,12051,9645,11069,14589,10223,7611,13241,9127,2045,3559,8933,7967,1969,2087,2899,1129,2291,15771,11817,8427,3793,7707,7275,15211,1751,10171,4007,2849,6301,593,7959,5689,4035,981,6581,2161,7428,11555
13837,8623,8977,8111,8677,6885,15539,1989,5561,7397,2779,391,7427,14481,9407,12137,7475,15083,14323,6797,5053,8981,7161,3295,7141,8075,12991,2409,4289,7535,2779,14137,5641,6179,1233,6428,6741,8197,14573,5107,3061,13099,7019,1703,10711,6081,9795,4119,721,7699,11889,2087,11579,13017,3271,2435,10893,14379,2269,4097
13837,8623,8977,8111,8677,6885,15539,1989,5561,7397,2779,391,7427,14481,9407,12137,7475,15083,14323,6797,5053,8981,7161,3295,7141,8075,12991,2409,4289,7535,2779,14137,5641,6179,1233,6428,6741,8197,14573,5107,3061,13099,7019,1703,10711,6081,9795,4119,721,7699,11889,2087,11579,13017,3271,2435,10893,14379,2269,4097
5991,10537,12059,15671,14279,9877,8457,11979,1399,6569,647,12293,1521,9061,4221,3033,7385,15247,8491,4269,3403,13569,12051,9645,11069,14589,10223,7611,13241,9127,2045,3559,8933,7967,1969,2087,2899,1129,2291,15771,11817,8427,3793,7707,7275,15211,1751,10171,4007,2849,6301,593,7959,5689,4035,981,6581,2161,7428,11555
13837,8623,8977,8111,8677,6885,15539,1989,5561,7397,2779,391,7427,14481,9407,12137,7475,15083,14323,6797,5053,8981,7161,3295,7141,8075,12991,2409,4289,7535,2779,14137,5641,6179,1233,6428,6741,8197,14573,5107,3061,13099,7019,1703,10711,6081,9795,4119,721,7699,11889,2087,11579,13017,3271,2435,10893,14379,2269,4097
13837,8623,8977,8111,8677,6885,15539,1989,5561,7397,2779,391,7427,14481,9407,12137,7475,15083,14323,6797,5053,8981,7161,3295,7141,8075,12991,2409,4289,7535,2779,14137,5641,6179,1233,6428,6741,8197,14573,5107,3061,13099,7019,1703,10711,6081,9795,4119,721,7699,11889,2087,11579,13017,3271,2435,10893,14379,2269,4097
5991,10537,12059,15671,14279,9877,8457,11979,1399,6569,647,12293,1521,9061,4221,3033,7385,15247,8491,4269,3403,13569,12051,9645,11069,14589,10223,7611,13241,9127,2045,3559,8933,7967,1969,2087,2899,1129,2291,15771,11817,8427,3793,7707,7275,15211,1751,10171,4007,2849,6301,593,7959,5689,4035,981,6581,2161,7428,11555
13837,8623,8977,8111,8677,6885,15539,1989,5561,7397,2779,391,7427,14481,9407,12137,7475,15083,14323,6797,5053,8981,7161,3295,7141,8075,12991,2409,4289,7535,2779,14137,5641,6179,1233,6428,6741,8197,14573,5107,3061,13099,7019,1703,10711,6081,9795,4119,721,7699,11889,2087,11579,13017,3271,2435,10893,14379,2269,4097
13837,8623,8977,8111,8677,6885,15539,1989,5561,7397,2779,391,7427,14481,9407,12137,7475,15083,14323,6797,5053,8981,7161,3295,7141,8075,12991,2409,4289,7535,2779,14137,5641,6179,1233,6428,6741,8197,14573,5107,3061,13099,7019,1703,10711,6081,9795,4119,721,7699,11889,2087,11579,13017,3271,2435,10893,14379,2269,4097
13837,8623,8977,8111,8677,6885,15539,1989,5561,7397,2779,391,7427,14481,9407,12137,7475,15083,14323,6797,5053,8981,7161,3295,7141,8075,12991,2409,4289,7535,2779,14137,5641,6179,1233,6428,6741,8197,14573,5107,3061,13099,7019,1703,10711,6081,9795,4119,721,7699,11889,2087,11579,13017,3271,2435,10893,14379,2269,4097
13837,8623,8977,8111,8677,6885,15539,1989,5561,7397,2779,391,7427,14481,9407,12137,7475,15083,14323,6797,5053,8981,7161,3295,7141,8075,12991,2409,4289,7535,2779,14137,5641,6179,1233,6428,6741,8197,14573,5107,3061,13099,7019,1703,10711,6081,9795,4119,721,7699,11889,2087,11579,13017,3271,2435,10893,14379,2269,4097
13837,8623,8977,8111,8677,6885,15539,1989,5561,7397,2779,391,7427,14481,9407,12137,7475,15083,14323,6797,5053,8981,7161,3295,7141,8075,12991,2409,4289,7535,2779,14137,5641,6179,1233,6428,6741,8197,14573,5107,3061,13099,7019,1703,10711,6081,9795,4119,721,7699,11889,2087,11579,13017,3271,2435,10893,14379,2269,4097
13837,8623,8977,8111,8677,6885,15539,1989,5561,7397,2779,391,7427,14481,9407,12137,7475,15083,14323,6797,5053,8981,7161,3295,7141,8075,12991,2409,4289,7535,2779,14137,5641,6179,1233,6428,6741,8197,14573,5107,3061,13099,7019,1703,10711,6081,9795,4119,721,7699,11889,2087,11579,13017,3271,2435,10893,14379,2269,4097
13837,8623,8977,8111,8677,6885,15539,1989,5561,7397,2779,391,7427,14481,9407,12137,7475,15083,14323,6797,5053,8981,7161,3295,7141,8075,12991,2409,4289,7535,2779,14137,5641,6179,1233,6428,6741,8197,14573,5107,3061,13099,7019,1703,10711,6081,9795,4119,721,7699,11889,2087,11579,13017,3271,2435,10893,14379,2269,4097
13837,8623,8977,8111,8677,6885,15539,1989,5561,7397,2779,391,7427,14481,9407,12137,7475,15083,14323,6797,5053,8981,7161,3295,7141,8075,12991,2409,4289,7535,2779,14137,5641,6179,1233,6428,6741,8197,14573,5107,3061,13099,7019,1703,10711,6081,9795,4119,721,7699,11889,2087,11579,13017,3271,2435,10893,14379,2269,4097
13837,8623,8977,8111,8677,6885,15539,1989,5561,7397,2779,391,7427,14481,9407,12137,7475,15083,14323,6797,5053,8981,7161,3295,7141,8075,12991,2409,4289,7535,2779,14137,5641,6179,1233,6428,6741,8197,14573,5107,3061,13099,7019,1703,10711,6081,9795,4119,721,7699,11889,2087,11579,13017,3271,2435,10893,14379,2269,4097
13837,8623,8977,8111,8677,6885,15539,1989,5561,7397,2779,391,7427,14481,9407,12137,7475,15083,14323,6797,5053,8981,7161,3295,7141,8075,12991,2409,4289,7535,2779,14137,5641,6179,1233,6428,6741,8197,14573,5107,3061,13099,7019,1703,10711,6081,9795,4119,721,7699,11889,2087,11579,13017,3271,2435,10893,14379,2269,4097
5991,10537,12059,15671,14279,9877,8457,11979,1399,6569,647,12293,1521,9061,4221,3033,7385,15247,8491,4269,3403,13569,12051,9645,11069,14589,10223,7611,13241,9127,2045,3559,8933,7967,1969,2087,2899,1129,2291,15771,11817,8427,3793,7707,7275,15211,1751,10171,4007,2849,6301,593,7959,5689,4035,981,6581,2161,7428,11555
5991,10537,12059,15671,14279,9877,8457,11979,1399,6569,647,12293,1521,9061,4221,3033,7385,15247,8491,4269,3403,13569,12051,9645,11069,14589,10223,7611,13241,9127,2045,3559,8933,7967,1969,2087,2899,1129,2291,15771,11817,8427,3793,7707,7275,15211,1751,10171,4007,2849,6301,593,7959,5689,4035,981,6581,2161,7428,11555
13837,8623,8977,8111,8677,6885,15539,1989,5561,7397,2779,391,7427,14481,9407,12137,7475,15083,14323,6797,5053,8981,7161,3295,7141,8075,12991,2409,4289,7535,2779,14137,5641,6179,1233,6428,6741,8197,14573,5107,3061,13099,7019,1703,10711,6081,9795,4119,721,7699,11889,2087,11579,13017,3271,2435,10893,14379,2269,4097
13837,8623,8977,8111,8677,6885,15539,1989,5561,7397,2779,391,7427,14481,9407,12137,7475,15083,14323,6797,5053,8981,7161,3295,7141,8075,12991,2409,4289,7535,2779,14137,5641,6179,1233,6428,6741,8197,14573,5107,3061,13099,7019,1703,10711,6081,9795,4119,721,7699,11889,2087,11579,13017,3271,2435,10893,14379,2269,4097
13837,8623,8977,8111,8677,6885,15539,1989,5561,7397,2779,391,7427,14481,9407,12137,7475,15083,14323,6797,5053,8981,7161,3295,7141,8075,12991,2409,4289,7535,2779,14137,5641,6179,1233,6428,6741,8197,14573,5107,3061,13099,7019,1703,10711,6081,9795,4119,721,7699,11889,2087,11579,13017,3271,2435,10893,14379,2269,4097
13837,8623,8977,8111,8677,6885,15539,1989,5561,7397,2779,391,7427,14481,9407,12137,7475,15083,14323,6797,5053,8981,7161,3295,7141,8075,12991,2409,4289,7535,2779,14137,5641,6179,1233,6428,6741,8197,14573,5107,3061,13099,7019,1703,10711,6081,9795,4119,721,7699,11889,2087,11579,13017,3271,2435,10893,14379,2269,4097
13837,8623,8977,8111,8677,6885,15539,1989,5561,7397,2779,391,7427,14481,9407,12137,7475,15083,14323,6797,5053,8981,7161,3295,7141,8075,12991,2409,4289,7535,2779,14137,5641,6179,1233,6428,6741,8197,14573,5107,3061,13099,7019,1703,10711,6081,9795,4119,721,7699,11889,2087,11579,13017,3271,2435,10893,14379,2269,4097
13837,8623,8977,8111,8677,6885,15539,1989,5561,7397,2779,391,7427,14481,9407,12137,7475,15083,14323,6797,5053,8981,7161,3295,7141,8075,12991,2409,4289,7535,2779,14137,5641,6179,1233,6428,6741,8197,14573,5107,3061,13099,7019,1703,10711,6081,9795,4119,721,7699,11889,2087,11579,13017,3271,2435,10893,14379,2269,4097
13837,8623,8977,8111,8677,6885,15539,1989,5561,7397,2779,391,7427,14481,9407,12137,7475,15083,14323,6797,5053,8981,7161,3295,7141,8075,12991,2409,4289,7535,2779,14137,5641,6179,1233,6428,6741,8197,14573,5107,3061,13099,7019,1703,10711,6081,9795,4119,721,7699,11889,2087,11579,13017,3271,2435,10893,14379,2269,4097
5991,10537,12059,15671,14279,9877,8457,11979,1399,6569,647,12293,1521,9061,4221,3033,7385,15247,8491,4269,3403,13569,12051,9645,11069,14589,10223,7611,13241,9127,2045,3559,8933,7967,1969,2087,2899,1129,2291,15771,11817,8427,3793,7707,7275,15211,1751,10171,4007,2849,6301,593,7959,5689,4035,981,6581,2161,7428,11555
13837,8623,8977,8111,8677,6885,15539,1989,5561,7397,2779,391,7427,14481,9407,12137,7475,15083,14323,6797,5053,8981,7161,3295,7141,8075,12991,2409,4289,7535,2779,14137,5641,6179,1233,6428,6741,8197,14573,5107,3061,13099,7019,1703,10711,6081,9795,4119,721,7699,11889,2087,11579,13017,3271,2435,10893,14379,2269,4097
13837,8623,8977,8111,8677,6885,15539,1989,5561,7397,2779,391,7427,14481,9407,12137,7475,15083,14323,6797,5053,8981,7161,3295,7141,8075,12991,2409,4289,7535,2779,14137,5641,6179,1233,6428,6741,8197,14573,5107,3061,13099,7019,1703,10711,6081,9795,4119,721,7699,11889,2087,11579,13017,3271,2435,10893,14379,2269,4097
13837,8623,8977,8111,8677,6885,15539,1989,5561,7397,2779,391,7427,14481,9407,12137,7475,15083,14323,6797,5053,8981,7161,3295,7141,8075,12991,2409,4289,7535,2779,14137,5641,6179,1233,6428,6741,8197,14573,5107,3061,13099,7019,1703,10711,6081,9795,4119,721,7699,11889,2087,11579,13017,3271,2435,10893,14379,2269,4097
13837,8623,8977,8111,8677,6885,15539,1989,5561,7397,2779,391,7427,14481,9407,12137,7475,15083,14323,6797,5053,8981,7161,3295,7141,8075,12991,2409,4289,7535,2779,14137,5641,6179,1233,6428,6741,8197,14573,5107,3061,13099,7019,1703,10711,6081,9795,4119,721,7699,11889,2087,11579,13017,3271,2435,10893,14379,2269,4097
13837,8623,8977,8111,8677,6885,15539,1989,5561,7397,2779,391,7427,14481,9407,12137,7475,15083,14323,6797,5053,8981,7161,3295,7141,8075,12991,2409,4289,7535,2779,14137,5641,6179,1233,6428,6741,8197,14573,5107,3061,13099,7019,1703,10711,6081,9795,4119,721,7699,11889,2087,11579,13017,3271,2435,10893,14379,2269,4097
13837,8623,8977,8111,8677,6885,15539,1989,5561,7397,2779,391,7427,14481,9407,12137,7475,15083,14323,6797,5053,8981,7161,3295,7141,8075,12991,2409,4289,7535,2779,14137,5641,6179,1233,6428,6741,8197,14573,5107,3061,13099,7019,1703,10711,6081,9795,4119,721,7699,11889,2087,11579,13017,3271,2435,10893,14379,2269,4097
13837,8623,8977,8111,8677,6885,15539,1989,5561,7397,2779,391,7427,14481,9407,12137,7475,15083,14323,6797,5053,8981,7161,3295,7141,8075,12991,2409,4289,7535,2779,14137,5641,6179,1233,6428,6741,8197,14573,5107,3061,13099,7019,1703,10711,6081,9795,4119,721,7699,11889,2087,11579,13017,3271,2435,10893,14379,2269,4097
13837,8623,8977,8111,8677,6885,15539,1989,5561,7397,2779,391,7427,14481,9407,12137,7475,15083,14323,6797,5053,8981,7161,3295,7141,8075,12991,2409,4289,7535,2779,14137,5641,6179,1233,6428,6741,8197,14573,5107,3061,13099,7019,1703,10711,6081,9795,4119,721,7699,11889,2087,11579,13017,3271,2435,10893,14379,2269,4097
13837,8623,8977,8111,8677,6885,15539,1989,5561,7397,2779,391,7427,14481,9407,12137,7475,15083,14323,6797,5053,8981,7161,3295,7141,8075,12991,2409,4289,7535,2779,14137,5641,6179,1233,6428,6741,8197,14573,5107,3061,13099,7019,1703,10711,6081,9795,4119,721,7699,11889,2087,11579,13017,3271,2435,10893,14379,2269,4097
13837,8623,8977,8111,8677,6885,15539,1989,5561,7397,2779,391,7427,14481,9407,12137,7475,15083,14323,6797,5053,8981,7161,3295,7141,8075,12991,2409,4289,7535,2779,14137,5641,6179,1233,6428,6741,8197,14573,5107,3061,13099,7019,1703,10711,6081,9795,4119,721,7699,11889,2087,11579,13017,3271,2435,10893,14379,2269,4097
13837,8623,8977,8111,8677,6885,15539,1989,5561,7397,2779,391,7427,14481,9407,12137,7475,15083,14323,6797,5053,8981,7161,3295,7141,8075,12991,2409,4289,7535,2779,14137,5641,6179,1233,6428,6741,8197,14573,5107,3061,13099,7019,1703,10711,6081,9795,4119,721,7699,11889,2087,11579,13017,3271,2435,10893,14379,2269,4097
13837,8623,8977,8111,8677,6885,15539,1989,5561,7397,2779,391,7427,14481,9407,12137,7475,15083,14323,6797,5053,8981,7161,3295,7141,8075,12991,2409,4289,7535,2779,14137,5641,6179,1233,6428,6741,8197,14573,5107,3061,13099,7019,1703,10711,6081,9795,4119,721,7699,11889,2087,11579,13017,3271,2435,10893,14379,2269,4097
13837,8623,8977,8111,8677,6885,15539,1989,5561,7397,2779,391,7427,14481,9407,12137,7475,15083,14323,6797,5053,8981,7161,3295,7141,8075,12991,2409,4289,7535,2779,14137,5641,6179,1233,6428,6741,8197,14573,5107,3061,13099,7019,1703,10711,6081,9795,4119,721,7699,11889,2087,11579,13017,3271,2435,10893,14379,2269,4097
13837,8623,8977,8111,8677,6885,15539,1989,5561,7397,2779,391,7427,14481,9407,12137,7475,15083,14323,6797,5053,8981,7161,3295,7141,8075,12991,2409,4289,7535,2779,14137,5641,6179,1233,6428,6741,8197,14573,5107,3061,13099,7019,1703,10711,6081,9795,4119,721,7699,11889,2087,11579,13017,3271,2435,10893,14379,2269,4097
13837,8623,8977,8111,8677,6885,15539,1989,5561,7397,2779,391,7427,14481,9407,12137,7475,15083,14323,6797,5053,8981,7161,3295,7141,8075,12991,2409,4289,7535,2779,14137,5641,6179,1233,6428,6741,8197,14573,5107,3061,13099,7019,1703,10711,6081,9795,4119,721,7699,11889,2087,11579,13017,3271,2435,10893,14379,2269,4097
13837,8623,8977,8111,8677,6885,15539,1989,5561,7397,2779,391,7427,14481,9407,12137,7475,15083,14323,6797,5053,8981,7161,3295,7141,8075,12991,2409,4289,7535,2779,14137,5641,6179,1233,6428,6741,8197,14573,5107,3061,13099,7019,1703,10711,6081,9795,4119,721,7699,11889,2087,11579,13017,3271,2435,10893,14379,2269,4097
13837,8623,8977,8111,8677,6885,15539,1989,5561,7397,2779,391,7427,14481,9407,12137,7475,15083,14323,6797,5053,8981,7161,3295,7141,8075,12991,2409,4289,7535,2779,14137,5641,6179,1233,6428,6741,8197,14573,5107,3061,13099,7019,1703,10711,6081,9795,4119,721,7699,11889,2087,11579,13017,3271,2435,10893,14379,2269,4097
5991,10537,12059,15671,14279,9877,8457,11979,1399,6569,647,12293,1521,9061,4221,3033,7385,15247,8491,4269,3403,13569,12051,9645,11069,14589,10223,7611,13241,9127,2045,3559,8933,7967,1969,2087,2899,1129,2291,15771,11817,8427,3793,7707,7275,15211,1751,10171,4007,2849,6301,593,7959,5689,4035,981,6581,2161,7428,11555
13837,8623,8977,8111,8677,6885,15539,1989,5561,7397,2779,391,7427,14481,9407,12137,7475,15083,14323,6797,5053,8981,7161,3295,7141,8075,12991,2409,4289,7535,2779,14137,5641,6179,1233,6428,6741,8197,14573,5107,3061,13099,7019,1703,10711,6081,9795,4119,721,7699,11889,2087,11579,13017,3271,2435,10893,14379,2269,4097
13837,8623,8977,8111,8677,6885,15539,1989,5561,7397,2779,391,7427,14481,9407,12137,7475,15083,14323,6797,5053,8981,7161,3295,7141,8075,12991,2409,4289,7535,2779,14137,5641,6179,1233,6428,6741,8197,14573,5107,3061,13099,7019,1703,10711,6081,9795,4119,721,7699,11889,2087,11579,13017,3271,2435,10893,14379,2269,4097
13837,8623,8977,8111,8677,6885,15539,1989,5561,7397,2779,391,7427,14481,9407,12137,7475,15083,14323,6797,5053,8981,7161,3295,7141,8075,12991,2409,4289,7535,2779,14137,5641,6179,1233,6428,6741,8197,14573,5107,3061,13099,7019,1703,10711,6081,9795,4119,721,7699,11889,2087,11579,13017,3271,2435,10893,14379,2269,4097
13837,8623,8977,8111,8677,6885,15539,1989,5561,7397,2779,391,7427,14481,9407,12137,7475,15083,14323,6797,5053,8981,7161,3295,7141,8075,12991,2409,4289,7535,2779,14137,5641,6179,1233,6428,6741,8197,14573,5107,3061,13099,7019,1703,10711,6081,9795,4119,721,7699,11889,2087,11579,13017,3271,2435,10893,14379,2269,4097
13837,8623,8977,8111,8677,6885,15539,1989,5561,7397,2779,391,7427,14481,9407,12137,7475,15083,14323,6797,5053,8981,7161,3295,7141,8075,12991,2409,4289,7535,2779,14137,5641,6179,1233,6428,6741,8197,14573,5107,3061,13099,7019,1703,10711,6081,9795,4119,721,7699,11889,2087,11579,13017,3271,2435,10893,14379,2269,4097
13837,8623,8977,8111,8677,6885,15539,1989,5561,7397,2779,391,7427,14481,9407,12137,7475,15083,14323,6797,5053,8981,7161,3295,7141,8075,12991,2409,4289,7535,2779,14137,5641,6179,1233,6428,6741,8197,14573,5107,3061,13099,7019,1703,10711,6081,9795,4119,721,7699,11889,2087,11579,13017,3271,2435,10893,14379,2269,4097
13837,8623,8977,8111,8677,6885,15539,1989,5561,7397,2779,391,7427,14481,9407,12137,7475,15083,14323,6797,5053,8981,7161,3295,7141,8075,12991,2409,4289,7535,2779,14137,5641,6179,1233,6428,6741,8197,14573,5107,3061,13099,7019,1703,10711,6081,9795,4119,721,7699,11889,2087,11579,13017,3271,2435,10893,14379,2269,4097
13837,8623,8977,8111,8677,6885,15539,1989,5561,7397,2779,391,7427,14481,9407,12137,7475,15083,14323,6797,5053,8981,7161,3295,7141,8075,12991,2409,4289,7535,2779,14137,5641,6179,1233,6428,6741,8197,14573,5107,3061,13099,7019,1703,10711,6081,9795,4119,721,7699,11889,2087,11579,13017,3271,2435,10893,14379,2269,4097
13837,8623,8977,8111,8677,6885,15539,1989,5561,7397,2779,391,7427,14481,9407,12137,7475,15083,14323,6797,5053,8981,7161,3295,7141,8075,12991,2409,4289,7535,2779,14137,5641,6179,1233,6428,6741,8197,14573,5107,3061,13099,7019,1703,10711,6081,9795,4119,721,7699,11889,2087,11579,13017,3271,2435,10893,14379,2269,4097
13837,8623,8977,8111,8677,6885,15539,1989,5561,7397,2779,391,7427,14481,9407,12137,7475,15083,14323,6797,5053,8981,7161,3295,7141,8075,12991,2409,4289,7535,2779,14137,5641,6179,1233,6428,6741,8197,14573,5107,3061,13099,7019,1703,10711,6081,9795,4119,721,7699,11889,2087,11579,13017,3271,2435,10893,14379,2269,4097
13837,8623,8977,8111,8677,6885,15539,1989,5561,7397,2779,391,7427,14481,9407,12137,7475,15083,14323,6797,5053,8981,7161,3295,7141,8075,12991,2409,4289,7535,2779,14137,5641,6179,1233,6428,6741,8197,14573,5107,3061,13099,7019,1703,10711,6081,9795,4119,721,7699,11889,2087,11579,13017,3271,2435,10893,14379,2269,4097
13837,8623,8977,8111,8677,6885,15539,1989,5561,7397,2779,391,7427,14481,9407,12137,7475,15083,14323,6797,5053,8981,7161,3295,7141,8075,12991,2409,4289,7535,2779,14137,5641,6179,1233,6428,6741,8197,14573,5107,3061,13099,7019,1703,10711,6081,9795,4119,721,7699,11889,2087,11579,13017,3271,2435,10893,14379,2269,4097
13837,8623,8977,8111,8677,6885,15539,1989,5561,7397,2779,391,7427,14481,9407,12137,7475,15083,14323,6797,5053,8981,7161,3295,7141,8075,12991,2409,4289,7535,2779,14137,5641,6179,1233,6428,6741,8197,14573,5107,3061,13099,7019,1703,10711,6081,9795,4119,721,7699,11889,2087,11579,13017,3271,2435,10893,14379,2269,4097
13837,8623,8977,8111,8677,6885,15539,1989,5561,7397,2779,391,7427,14481,9407,12137,7475,15083,14323,6797,5053,8981,7161,3295,7141,8075,12991,2409,4289,7535,2779,14137,5641,6179,1233,6428,6741,8197,14573,5107,3061,13099,7019,1703,10711,6081,9795,4119,721,7699,11889,2087,11579,13017,3271,2435,10893,14379,2269,4097
13837,8623,8977,8111,8677,6885,15539,1989,5561,7397,2779,391,7427,14481,9407,12137,7475,15083,14323,6797,5053,8981,7161,3295,7141,8075,12991,2409,4289,7535,2779,14137,5641,6179,1233,6428,6741,8197,14573,5107,3061,13099,7019,1703,10711,6081,9795,4119,721,7699,11889,2087,11579,13017,3271,2435,10893,14379,2269,4097
13837,8623,8977,8111,8677,6885,15539,1989,5561,7397,2779,391,7427,14481,9407,12137,7475,15083,14323,6797,5053,8981,7161,3295,7141,8075,12991,2409,4289,7535,2779,14137,5641,6179,1233,6428,6741,8197,14573,5107,3061,13099,7019,1703,10711,6081,9795,4119,721,7699,11889,2087,11579,13017,3271,2435,10893,14379,2269,4097
13837,8623,8977,8111,8677,6885,15539,1989,5561,7397,2779,391,7427,14481,9407,12137,7475,15083,14323,6797,5053,8981,7161,3295,7141,8075,12991,2409,4289,7535,2779,14137,5641,6179,1233,6428,6741,8197,14573,5107,3061,13099,7019,1703,10711,6081,9795,4119,721,7699,11889,2087,11579,13017,3271,2435,10893,14379,2269,4097
13837,8623,8977,8111,8677,6885,15539,1989,5561,7397,2779,391,7427,14481,9407,12137,7475,15083,14323,6797,5053,8981,7161,3295,7141,8075,12991,2409,4289,7535,2779,14137,5641,6179,1233,6428,6741,8197,14573,5107,3061,13099,7019,1703,10711,6081,9795,4119,721,7699,11889,2087,11579,13017,3271,2435,10893,14379,2269,4097
13837,8623,8977,8111,8677,6885,15539,1989,5561,7397,2779,391,7427,14481,9407,12137,7475,15083,14323,6797,5053,8981,7161,3295,7141,8075,12991,2409,4289,7535,2779,14137,5641,6179,1233,6428,6741,8197,14573,5107,3061,13099,7019,1703,10711,6081,9795,4119,721,7699,11889,2087,11579,13017,3271,2435,10893,14379,2269,4097
13837,8623,8977,8111,8677,6885,15539,1989,5561,7397,2779,391,7427,14481,9407,12137,7475,15083,14323,6797,5053,8981,7161,3295,7141,8075,12991,2409,4289,7535,2779,14137,5641,6179,1233,6428,6741,8197,14573,5107,3061,13099,7019,1703,10711,6081,9795,4119,721,7699,11889,2087,11579,13017,3271,2435,10893,14379,2269,4097
13837,8623,8977,8111,8677,6885,15539,1989,5561,7397,2779,391,7427,14481,9407,12137,7475,15083,14323,6797,5053,8981,7161,3295,7141,8075,12991,2409,4289,7535,2779,14137,5641,6179,1233,6428,6741,8197,14573,5107,3061,13099,7019,1703,10711,6081,9795,4119,721,7699,11889,2087,11579,13017,3271,2435,10893,14379,2269,4097
13837,8623,8977,8111,8677,6885,15539,1989,5561,7397,2779,391,7427,14481,9407,12137,7475,15083,14323,6797,5053,8981,7161,3295,7141,8075,12991,2409,4289,7535,2779,14137,5641,6179,1233,6428,6741,8197,14573,5107,3061,13099,7019,1703,10711,6081,9795,4119,721,7699,11889,2087,11579,13017,3271,2435,10893,14379,2269,4097
13837,8623,8977,8111,8677,6885,15539,1989,5561,7397,2779,391,7427,14481,9407,12137,7475,15083,14323,6797,5053,8981,7161,3295,7141,8075,12991,2409,4289,7535,2779,14137,5641,6179,1233,6428,6741,8197,14573,5107,3061,13099,7019,1703,10711,6081,9795,4119,721,7699,11889,2087,11579,13017,3271,2435,10893,14379,2269,4097
13837,8623,8977,8111,8677,6885,15539,1989,5561,7397,2779,391,7427,14481,9407,12137,7475,15083,14323,6797,5053,8981,7161,3295,7141,8075,12991,2409,4289,7535,2779,14137,5641,6179,1233,6428,6741,8197,14573,5107,3061,13099,7019,1703,10711,6081,9795,4119,721,7699,11889,2087,11579,13017,3271,2435,10893,14379,2269,4097
13837,8623,8977,8111,8677,6885,15539,1989,5561,7397,2779,391,7427,14481,9407,12137,7475,15083,14323,6797,5053,8981,7161,3295,7141,8075,12991,2409,4289,7535,2779,14137,5641,6179,1233,6428,6741,8197,14573,5107,3061,13099,7019,1703,10711,6081,9795,4119,721,7699,11889,2087,11579,13017,3271,2435,10893,14379,2269,4097
5991,10537,12059,15671,14279,9877,8457,11979,1399,6569,647,12293,1521,9061,4221,3033,7385,15247,8491,4269,3403,13569,12051,9645,11069,14589,10223,7611,13241,9127,2045,3559,8933,7967,1969,2087,2899,1129,2291,15771,11817,8427,3793,7707,7275,15211,1751,10171,4007,2849,6301,593,7959,5689,4035,981,6581,2161,7428,11555
13837,8623,8977,8111,8677,6885,15539,1989,5561,7397,2779,391,7427,14481,9407,12137,7475,15083,14323,6797,5053,8981,7161,3295,7141,8075,12991,2409,4289,7535,2779,14137,5641,6179,1233,6428,6741,8197,14573,5107,3061,13099,7019,1703,10711,6081,9795,4119,721,7699,11889,2087,11579,13017,3271,2435,10893,14379,2269,4097
13837,8623,8977,8111,8677,6885,15539,1989,5561,7397,2779,391,7427,14481,9407,12137,7475,15083,14323,6797,5053,8981,7161,3295,7141,8075,12991,2409,4289,7535,2779,14137,5641,6179,1233,6428,6741,8197,14573,5107,3061,13099,7019,1703,10711,6081,9795,4119,721,7699,11889,2087,11579,13017,3271,2435,10893,14379,2269,4097
13837,8623,8977,8111,8677,6885,15539,1989,5561,7397,2779,391,7427,14481,9407,12137,7475,15083,14323,6797,5053,8981,7161,3295,7141,8075,12991,2409,4289,7535,2779,14137,5641,6179,1233,6428,6741,8197,14573,5107,3061,13099,7019,1703,10711,6081,9795,4119,721,7699,11889,2087,11579,13017,3271,2435,10893,14379,2269,4097
13837,8623,8977,8111,8677,6885,15539,1989,5561,7397,2779,391,7427,14481,9407,12137,7475,15083,14323,6797,5053,8981,7161,3295,7141,8075,12991,2409,4289,7535,2779,14137,5641,6179,1233,6428,6741,8197,14573,5107,3061,13099,7019,1703,10711,6081,9795,4119,721,7699,11889,2087,11579,13017,3271,2435,10893,14379,2269,4097
13837,8623,8977,8111,8677,6885,15539,1989,5561,7397,2779,391,7427,14481,9407,12137,7475,15083,14323,6797,5053,8981,7161,3295,7141,8075,12991,2409,4289,7535,2779,14137,5641,6179,1233,6428,6741,8197,14573,5107,3061,13099,7019,1703,10711,6081,9795,4119,721,7699,11889,2087,11579,13017,3271,2435,10893,14379,2269,4097
13837,8623,8977,8111,8677,6885,15539,1989,5561,7397,2779,391,7427,14481,9407,12137,7475,15083,14323,6797,5053,8981,7161,3295,7141,8075,12991,2409,4289,7535,2779,14137,5641,6179,1233,6428,6741,8197,14573,5107,3061,13099,7019,1703,10711,6081,9795,4119,721,7699,11889,2087,11579,13017,3271,2435,10893,14379,2269,4097
13837,8623,8977,8111,8677,6885,15539,1989,5561,7397,2779,391,7427,14481,9407,12137,7475,15083,14323,6797,5053,8981,7161,3295,7141,8075,12991,2409,4289,7535,2779,14137,5641,6179,1233,6428,6741,8197,14573,5107,3061,13099,7019,1703,10711,6081,9795,4119,721,7699,11889,2087,11579,13017,3271,2435,10893,14379,2269,4097
5991,10537,12059,15671,14279,9877,8457,11979,1399,6569,647,12293,1521,9061,4221,3033,7385,15247,8491,4269,3403,13569,12051,9645,11069,14589,10223,7611,13241,9127,2045,3559,8933,7967,1969,2087,2899,1129,2291,15771,11817,8427,3793,7707,7275,15211,1751,10171,4007,2849,6301,593,7959,5689,4035,981,6581,2161,7428,11555
13837,8623,8977,8111,8677,6885,15539,1989,5561,7397,2779,391,7427,14481,9407,12137,7475,15083,14323,6797,5053,8981,7161,3295,7141,8075,12991,2409,4289,7535,2779,14137,5641,6179,1233,6428,6741,8197,14573,5107,3061,13099,7019,1703,10711,6081,9795,4119,721,7699,11889,2087,11579,13017,3271,2435,10893,14379,2269,4097
13837,8623,8977,8111,8677,6885,15539,1989,5561,7397,2779,391,7427,14481,9407,12137,7475,15083,14323,6797,5053,8981,7161,3295,7141,8075,12991,2409,4289,7535,2779,14137,5641,6179,1233,6428,6741,8197,14573,5107,3061,13099,7019,1703,10711,6081,9795,4119,721,7699,11889,2087,11579,13017,3271,2435,10893,14379,2269,4097
13837,8623,8977,8111,8677,6885,15539,1989,5561,7397,2779,391,7427,14481,9407,12137,7475,15083,14323,6797,5053,8981,7161,3295,7141,8075,12991,2409,4289,7535,2779,14137,5641,6179,1233,6428,6741,8197,14573,5107,3061,13099,7019,1703,10711,6081,9795,4119,721,7699,11889,2087,11579,13017,3271,2435,10893,14379,2269,4097
13837,8623,8977,8111,8677,6885,15539,1989,5561,7397,2779,391,7427,14481,9407,12137,7475,15083,14323,6797,5053,8981,7161,3295,7141,8075,12991,2409,4289,7535,2779,14137,5641,6179,1233,6428,6741,8197,14573,5107,3061,13099,7019,1703,10711,6081,9795,4119,721,7699,11889,2087,11579,13017,3271,2435,10893,14379,2269,4097
5991,10537,12059,15671,14279,9877,8457,11979,1399,6569,647,12293,1521,9061,4221,3033,7385,15247,8491,4269,3403,13569,12051,9645,11069,14589,10223,7611,13241,9127,2045,3559,8933,7967,1969,2087,2899,1129,2291,15771,11817,8427,3793,7707,7275,15211,1751,10171,4007,2849,6301,593,7959,5689,4035,981,6581,2161,7428,11555
5991,10537,12059,15671,14279,9877,8457,11979,1399,6569,647,12293,1521,9061,4221,3033,7385,15247,8491,4269,3403,13569,12051,9645,11069,14589,10223,7611,13241,9127,2045,3559,8933,7967,1969,2087,2899,1129,2291,15771,11817,8427,3793,7707,7275,15211,1751,10171,4007,2849,6301,593,7959,5689,4035,981,6581,2161,7428,11555
13837,8623,8977,8111,8677,6885,15539,1989,5561,7397,2779,391,7427,14481,9407,12137,7475,15083,14323,6797,5053,8981,7161,3295,7141,8075,12991,2409,4289,7535,2779,14137,5641,6179,1233,6428,6741,8197,14573,5107,3061,13099,7019,1703,10711,6081,9795,4119,721,7699,11889,2087,11579,13017,3271,2435,10893,14379,2269,4097
5991,10537,12059,15671,14279,9877,8457,11979,1399,6569,647,12293,1521,9061,4221,3033,7385,15247,8491,4269,3403,13569,12051,9645,11069,14589,10223,7611,13241,9127,2045,3559,8933,7967,1969,2087,2899,1129,2291,15771,11817,8427,3793,7707,7275,15211,1751,10171,4007,2849,6301,593,7959,5689,4035,981,6581,2161,7428,11555
5991,10537,12059,15671,14279,9877,8457,11979,1399,6569,647,12293,1521,9061,4221,3033,7385,15247,8491,4269,3403,13569,12051,9645,11069,14589,10223,7611,13241,9127,2045,3559,8933,7967,1969,2087,2899,1129,2291,15771,11817,8427,3793,7707,7275,15211,1751,10171,4007,2849,6301,593,7959,5689,4035,981,6581,2161,7428,11555
13837,8623,8977,8111,8677,6885,15539,1989,5561,7397,2779,391,7427,14481,9407,12137,7475,15083,14323,6797,5053,8981,7161,3295,7141,8075,12991,2409,4289,7535,2779,14137,5641,6179,1233,6428,6741,8197,14573,5107,3061,13099,7019,1703,10711,6081,9795,4119,721,7699,11889,2087,11579,13017,3271,2435,10893,14379,2269,4097
13837,8623,8977,8111,8677,6885,15539,1989,5561,7397,2779,391,7427,14481,9407,12137,7475,15083,14323,6797,5053,8981,7161,3295,7141,8075,12991,2409,4289,7535,2779,14137,5641,6179,1233,6428,6741,8197,14573,5107,3061,13099,7019,1703,10711,6081,9795,4119,721,7699,11889,2087,11579,13017,3271,2435,10893,14379,2269,4097
13837,8623,8977,8111,8677,6885,15539,1989,5561,7397,2779,391,7427,14481,9407,12137,7475,15083,14323,6797,5053,8981,7161,3295,7141,8075,12991,2409,4289,7535,2779,14137,5641,6179,1233,6428,6741,8197,14573,5107,3061,13099,7019,1703,10711,6081,9795,4119,721,7699,11889,2087,11579,13017,3271,2435,10893,14379,2269,4097
13837,8623,8977,8111,8677,6885,15539,1989,5561,7397,2779,391,7427,14481,9407,12137,7475,15083,14323,6797,5053,8981,7161,3295,7141,8075,12991,2409,4289,7535,2779,14137,5641,6179,1233,6428,6741,8197,14573,5107,3061,13099,7019,1703,10711,6081,9795,4119,721,7699,11889,2087,11579,13017,3271,2435,10893,14379,2269,4097
5991,10537,12059,15671,14279,9877,8457,11979,1399,6569,647,12293,1521,9061,4221,3033,7385,15247,8491,4269,3403,13569,12051,9645,11069,14589,10223,7611,13241,9127,2045,3559,8933,7967,1969,2087,2899,1129,2291,15771,11817,8427,3793,7707,7275,15211,1751,10171,4007,2849,6301,593,7959,5689,4035,981,6581,2161,7428,11555
5991,10537,12059,15671,14279,9877,8457,11979,1399,6569,647,12293,1521,9061,4221,3033,7385,15247,8491,4269,3403,13569,12051,9645,11069,14589,10223,7611,13241,9127,2045,3559,8933,7967,1969,2087,2899,1129,2291,15771,11817,8427,3793,7707,7275,15211,1751,10171,4007,2849,6301,593,7959,5689,4035,981,6581,2161,7428,11555
13837,8623,8977,8111,8677,6885,15539,1989,5561,7397,2779,391,7427,14481,9407,12137,7475,15083,14323,6797,5053,8981,7161,3295,7141,8075,12991,2409,4289,7535,2779,14137,5641,6179,1233,6428,6741,8197,14573,5107,3061,13099,7019,1703,10711,6081,9795,4119,721,7699,11889,2087,11579,13017,3271,2435,10893,14379,2269,4097
13837,8623,8977,8111,8677,6885,15539,1989,5561,7397,2779,391,7427,14481,9407,12137,7475,15083,14323,6797,5053,8981,7161,3295,7141,8075,12991,2409,4289,7535,2779,14137,5641,6179,1233,6428,6741,8197,14573,5107,3061,13099,7019,1703,10711,6081,9795,4119,721,7699,11889,2087,11579,13017,3271,2435,10893,14379,2269,4097
13837,8623,8977,8111,8677,6885,15539,1989,5561,7397,2779,391,7427,14481,9407,12137,7475,15083,14323,6797,5053,8981,7161,3295,7141,8075,12991,2409,4289,7535,2779,14137,5641,6179,1233,6428,6741,8197,14573,5107,3061,13099,7019,1703,10711,6081,9795,4119,721,7699,11889,2087,11579,13017,3271,2435,10893,14379,2269,4097
13837,8623,8977,8111,8677,6885,15539,1989,5561,7397,2779,391,7427,14481,9407,12137,7475,15083,14323,6797,5053,8981,7161,3295,7141,8075,12991,2409,4289,7535,2779,14137,5641,6179,1233,6428,6741,8197,14573,5107,3061,13099,7019,1703,10711,6081,9795,4119,721,7699,11889,2087,11579,13017,3271,2435,10893,14379,2269,4097
13837,8623,8977,8111,8677,6885,15539,1989,5561,7397,2779,391,7427,14481,9407,12137,7475,15083,14323,6797,5053,8981,7161,3295,7141,8075,12991,2409,4289,7535,2779,14137,5641,6179,1233,6428,6741,8197,14573,5107,3061,13099,7019,1703,10711,6081,9795,4119,721,7699,11889,2087,11579,13017,3271,2435,10893,14379,2269,4097
13837,8623,8977,8111,8677,6885,15539,1989,5561,7397,2779,391,7427,14481,9407,12137,7475,15083,14323,6797,5053,8981,7161,3295,7141,8075,12991,2409,4289,7535,2779,14137,5641,6179,1233,6428,6741,8197,14573,5107,3061,13099,7019,1703,10711,6081,9795,4119,721,7699,11889,2087,11579,13017,3271,2435,10893,14379,2269,4097
13837,8623,8977,8111,8677,6885,15539,1989,5561,7397,2779,391,7427,14481,9407,12137,7475,15083,14323,6797,5053,8981,7161,3295,7141,8075,12991,2409,4289,7535,2779,14137,5641,6179,1233,6428,6741,8197,14573,5107,3061,13099,7019,1703,10711,6081,9795,4119,721,7699,11889,2087,11579,13017,3271,2435,10893,14379,2269,4097
13837,8623,8977,8111,8677,6885,15539,1989,5561,7397,2779,391,7427,14481,9407,12137,7475,15083,14323,6797,5053,8981,7161,3295,7141,8075,12991,2409,4289,7535,2779,14137,5641,6179,1233,6428,6741,8197,14573,5107,3061,13099,7019,1703,10711,6081,9795,4119,721,7699,11889,2087,11579,13017,3271,2435,10893,14379,2269,4097
13837,8623,8977,8111,8677,6885,15539,1989,5561,7397,2779,391,7427,14481,9407,12137,7475,15083,14323,6797,5053,8981,7161,3295,7141,8075,12991,2409,4289,7535,2779,14137,5641,6179,1233,6428,6741,8197,14573,5107,3061,13099,7019,1703,10711,6081,9795,4119,721,7699,11889,2087,11579,13017,3271,2435,10893,14379,2269,4097
13837,8623,8977,8111,8677,6885,15539,1989,5561,7397,2779,391,7427,14481,9407,12137,7475,15083,14323,6797,5053,8981,7161,3295,7141,8075,12991,2409,4289,7535,2779,14137,5641,6179,1233,6428,6741,8197,14573,5107,3061,13099,7019,1703,10711,6081,9795,4119,721,7699,11889,2087,11579,13017,3271,2435,10893,14379,2269,4097
5991,10537,12059,15671,14279,9877,8457,11979,1399,6569,647,12293,1521,9061,4221,3033,7385,15247,8491,4269,3403,13569,12051,9645,11069,14589,10223,7611,13241,9127,2045,3559,8933,7967,1969,2087,2899,1129,2291,15771,11817,8427,3793,7707,7275,15211,1751,10171,4007,2849,6301,593,7959,5689,4035,981,6581,2161,7428,11555
13837,8623,8977,8111,8677,6885,15539,1989,5561,7397,2779,391,7427,14481,9407,12137,7475,15083,14323,6797,5053,8981,7161,3295,7141,8075,12991,2409,4289,7535,2779,14137,5641,6179,1233,6428,6741,8197,14573,5107,3061,13099,7019,1703,10711,6081,9795,4119,721,7699,11889,2087,11579,13017,3271,2435,10893,14379,2269,4097
5991,10537,12059,15671,14279,9877,8457,11979,1399,6569,647,12293,1521,9061,4221,3033,7385,15247,8491,4269,3403,13569,12051,9645,11069,14589,10223,7611,13241,9127,2045,3559,8933,7967,1969,2087,2899,1129,2291,15771,11817,8427,3793,7707,7275,15211,1751,10171,4007,2849,6301,593,7959,5689,4035,981,6581,2161,7428,11555
13837,8623,8977,8111,8677,6885,15539,1989,5561,7397,2779,391,7427,14481,9407,12137,7475,15083,14323,6797,5053,8981,7161,3295,7141,8075,12991,2409,4289,7535,2779,14137,5641,6179,1233,6428,6741,8197,14573,5107,3061,13099,7019,1703,10711,6081,9795,4119,721,7699,11889,2087,11579,13017,3271,2435,10893,14379,2269,4097
13837,8623,8977,8111,8677,6885,15539,1989,5561,7397,2779,391,7427,14481,9407,12137,7475,15083,14323,6797,5053,8981,7161,3295,7141,8075,12991,2409,4289,7535,2779,14137,5641,6179,1233,6428,6741,8197,14573,5107,3061,13099,7019,1703,10711,6081,9795,4119,721,7699,11889,2087,11579,13017,3271,2435,10893,14379,2269,4097
13837,8623,8977,8111,8677,6885,15539,1989,5561,7397,2779,391,7427,14481,9407,12137,7475,15083,14323,6797,5053,8981,7161,3295,7141,8075,12991,2409,4289,7535,2779,14137,5641,6179,1233,6428,6741,8197,14573,5107,3061,13099,7019,1703,10711,6081,9795,4119,721,7699,11889,2087,11579,13017,3271,2435,10893,14379,2269,4097
13837,8623,8977,8111,8677,6885,15539,1989,5561,7397,2779,391,7427,14481,9407,12137,7475,15083,14323,6797,5053,8981,7161,3295,7141,8075,12991,2409,4289,7535,2779,14137,5641,6179,1233,6428,6741,8197,14573,5107,3061,13099,7019,1703,10711,6081,9795,4119,721,7699,11889,2087,11579,13017,3271,2435,10893,14379,2269,4097
13837,8623,8977,8111,8677,6885,15539,1989,5561,7397,2779,391,7427,14481,9407,12137,7475,15083,14323,6797,5053,8981,7161,3295,7141,8075,12991,2409,4289,7535,2779,14137,5641,6179,1233,6428,6741,8197,14573,5107,3061,13099,7019,1703,10711,6081,9795,4119,721,7699,11889,2087,11579,13017,3271,2435,10893,14379,2269,4097
13837,8623,8977,8111,8677,6885,15539,1989,5561,7397,2779,391,7427,14481,9407,12137,7475,15083,14323,6797,5053,8981,7161,3295,7141,8075,12991,2409,4289,7535,2779,14137,5641,6179,1233,6428,6741,8197,14573,5107,3061,13099,7019,1703,10711,6081,9795,4119,721,7699,11889,2087,11579,13017,3271,2435,10893,14379,2269,4097
13837,8623,8977,8111,8677,6885,15539,1989,5561,7397,2779,391,7427,14481,9407,12137,7475,15083,14323,6797,5053,8981,7161,3295,7141,8075,12991,2409,4289,7535,2779,14137,5641,6179,1233,6428,6741,8197,14573,5107,3061,13099,7019,1703,10711,6081,9795,4119,721,7699,11889,2087,11579,13017,3271,2435,10893,14379,2269,4097
13837,8623,8977,8111,8677,6885,15539,1989,5561,7397,2779,391,7427,14481,9407,12137,7475,15083,14323,6797,5053,8981,7161,3295,7141,8075,12991,2409,4289,7535,2779,14137,5641,6179,1233,6428,6741,8197,14573,5107,3061,13099,7019,1703,10711,6081,9795,4119,721,7699,11889,2087,11579,13017,3271,2435,10893,14379,2269,4097
13837,8623,8977,8111,8677,6885,15539,1989,5561,7397,2779,391,7427,14481,9407,12137,7475,15083,14323,6797,5053,8981,7161,3295,7141,8075,12991,2409,4289,7535,2779,14137,5641,6179,1233,6428,6741,8197,14573,5107,3061,13099,7019,1703,10711,6081,9795,4119,721,7699,11889,2087,11579,13017,3271,2435,10893,14379,2269,4097
13837,8623,8977,8111,8677,6885,15539,1989,5561,7397,2779,391,7427,14481,9407,12137,7475,15083,14323,6797,5053,8981,7161,3295,7141,8075,12991,2409,4289,7535,2779,14137,5641,6179,1233,6428,6741,8197,14573,5107,3061,13099,7019,1703,10711,6081,9795,4119,721,7699,11889,2087,11579,13017,3271,2435,10893,14379,2269,4097
13837,8623,8977,8111,8677,6885,15539,1989,5561,7397,2779,391,7427,14481,9407,12137,7475,15083,14323,6797,5053,8981,7161,3295,7141,8075,12991,2409,4289,7535,2779,14137,5641,6179,1233,6428,6741,8197,14573,5107,3061,13099,7019,1703,10711,6081,9795,4119,721,7699,11889,2087,11579,13017,3271,2435,10893,14379,2269,4097
13837,8623,8977,8111,8677,6885,15539,1989,5561,7397,2779,391,7427,14481,9407,12137,7475,15083,14323,6797,5053,8981,7161,3295,7141,8075,12991,2409,4289,7535,2779,14137,5641,6179,1233,6428,6741,8197,14573,5107,3061,13099,7019,1703,10711,6081,9795,4119,721,7699,11889,2087,11579,13017,3271,2435,10893,14379,2269,4097
13837,8623,8977,8111,8677,6885,15539,1989,5561,7397,2779,391,7427,14481,9407,12137,7475,15083,14323,6797,5053,8981,7161,3295,7141,8075,12991,2409,4289,7535,2779,14137,5641,6179,1233,6428,6741,8197,14573,5107,3061,13099,7019,1703,10711,6081,9795,4119,721,7699,11889,2087,11579,13017,3271,2435,10893,14379,2269,4097
13837,8623,8977,8111,8677,6885,15539,1989,5561,7397,2779,391,7427,14481,9407,12137,7475,15083,14323,6797,5053,8981,7161,3295,7141,8075,12991,2409,4289,7535,2779,14137,5641,6179,1233,6428,6741,8197,14573,5107,3061,13099,7019,1703,10711,6081,9795,4119,721,7699,11889,2087,11579,13017,3271,2435,10893,14379,2269,4097
13837,8623,8977,8111,8677,6885,15539,1989,5561,7397,2779,391,7427,14481,9407,12137,7475,15083,14323,6797,5053,8981,7161,3295,7141,8075,12991,2409,4289,7535,2779,14137,5641,6179,1233,6428,6741,8197,14573,5107,3061,13099,7019,1703,10711,6081,9795,4119,721,7699,11889,2087,11579,13017,3271,2435,10893,14379,2269,4097
13837,8623,8977,8111,8677,6885,15539,1989,5561,7397,2779,391,7427,14481,9407,12137,7475,15083,14323,6797,5053,8981,7161,3295,7141,8075,12991,2409,4289,7535,2779,14137,5641,6179,1233,6428,6741,8197,14573,5107,3061,13099,7019,1703,10711,6081,9795,4119,721,7699,11889,2087,11579,13017,3271,2435,10893,14379,2269,4097
13837,8623,8977,8111,8677,6885,15539,1989,5561,7397,2779,391,7427,14481,9407,12137,7475,15083,14323,6797,5053,8981,7161,3295,7141,8075,12991,2409,4289,7535,2779,14137,5641,6179,1233,6428,6741,8197,14573,5107,3061,13099,7019,1703,10711,6081,9795,4119,721,7699,11889,2087,11579,13017,3271,2435,10893,14379,2269,4097
13837,8623,8977,8111,8677,6885,15539,1989,5561,7397,2779,391,7427,14481,9407,12137,7475,15083,14323,6797,5053,8981,7161,3295,7141,8075,12991,2409,4289,7535,2779,14137,5641,6179,1233,6428,6741,8197,14573,5107,3061,13099,7019,1703,10711,6081,9795,4119,721,7699,11889,2087,11579,13017,3271,2435,10893,14379,2269,4097
13841,11749,10121,7919,9733,4635,13539,1593,5183,7399,2661,35,7309,14693,9417,12267,7389,15073,14323,6811,5001,8705,6545,2075,7157,6931,12815,395,5029,7701,2967,14131,5643,6543,1235,6179,6813,9617,14563,5025,3135,12847,6865,1703,10663,6859,8475,4531,825,6791,11893,2429,11375,14549,4041,2435,11933,16323,2269,4163
